sexual_orientation,gender,race,build,age,marital_status,niche1,niche2,niche3,niche4,niche5
"""sexual_orientation"":""homo""","""gender"":''male''","""race"":[3]","""build"":[4,6]","""age"":{""from"":26,""to"":35}","marital_status: [2,3] ",Gay,Black,Milf,Affair,General
"""sexual_orientation"":""homo""","""gender"":''male''","""race"":[3]","""build"":[4,6]","""age"":{""from"":36,""to"":55}","marital_status: [2,3] ",Gay,Black,Mature,Affair,General
"""sexual_orientation"":""homo""","""gender"":''male''","""race"":[3]","""build"":[4,6]","""age"":{""from"":56,""to"":75}","marital_status: [2,3] ",Gay,Black,Granny,Affair,General
"""sexual_orientation"":""homo""","""gender"":''male''","""race"":[3]","""build"":[4,6]","""age"":{""from"":18,""to"":25}","marital_status: [2,3] ",Gay,Black,BBW,Affair,General
"""sexual_orientation"":""homo""","""gender"":''male''","""race"":[3]","""build"":[4,6]",skip,"marital_status: [2,3] ",Gay,Black,BBW,Affair,General
"""sexual_orientation"":""homo""","""gender"":''male''","""race"":[3]","""build"":[2]","""age"":{""from"":26,""to"":35}","marital_status: [2,3] ",Gay,Black,Milf,Affair,General
"""sexual_orientation"":""homo""","""gender"":''male''","""race"":[3]","""build"":[2]","""age"":{""from"":36,""to"":55}","marital_status: [2,3] ",Gay,Black,Mature,Affair,General
"""sexual_orientation"":""homo""","""gender"":''male''","""race"":[3]","""build"":[2]","""age"":{""from"":56,""to"":75}","marital_status: [2,3] ",Gay,Black,Granny,Affair,General
"""sexual_orientation"":""homo""","""gender"":''male''","""race"":[3]","""build"":[2]","""age"":{""from"":18,""to"":25}","marital_status: [2,3] ",Gay,Black,Affair,General,
"""sexual_orientation"":""homo""","""gender"":''male''","""race"":[3]","""build"":[2]",skip,"marital_status: [2,3] ",Gay,Black,Affair,General,
"""sexual_orientation"":""homo""","""gender"":''male''","""race"":[3]","""build"":[3]","""age"":{""from"":26,""to"":35}","marital_status: [2,3] ",Gay,Black,Milf,Affair,General
"""sexual_orientation"":""homo""","""gender"":''male''","""race"":[3]","""build"":[3]","""age"":{""from"":36,""to"":55}","marital_status: [2,3] ",Gay,Black,Mature,Affair,General
"""sexual_orientation"":""homo""","""gender"":''male''","""race"":[3]","""build"":[3]","""age"":{""from"":56,""to"":75}","marital_status: [2,3] ",Gay,Black,Granny,Affair,General
"""sexual_orientation"":""homo""","""gender"":''male''","""race"":[3]","""build"":[3]","""age"":{""from"":18,""to"":25}","marital_status: [2,3] ",Gay,Black,Affair,General,
"""sexual_orientation"":""homo""","""gender"":''male''","""race"":[3]","""build"":[3]",skip,"marital_status: [2,3] ",Gay,Black,Affair,General,
"""sexual_orientation"":""homo""","""gender"":''male''","""race"":[3]",skip,"""age"":{""from"":26,""to"":35}","marital_status: [2,3] ",Gay,Black,Milf,Affair,General
"""sexual_orientation"":""homo""","""gender"":''male''","""race"":[3]",skip,"""age"":{""from"":36,""to"":55}","marital_status: [2,3] ",Gay,Black,Mature,Affair,General
"""sexual_orientation"":""homo""","""gender"":''male''","""race"":[3]",skip,"""age"":{""from"":56,""to"":75}","marital_status: [2,3] ",Gay,Black,Granny,Affair,General
"""sexual_orientation"":""homo""","""gender"":''male''","""race"":[3]",skip,"""age"":{""from"":18,""to"":25}","marital_status: [2,3] ",Gay,Black,Affair,General,
"""sexual_orientation"":""homo""","""gender"":''male''","""race"":[3]",skip,skip,"marital_status: [2,3] ",Gay,Black,Affair,General,
"""sexual_orientation"":""homo""","""gender"":''male''","""race"":[2]","""build"":[4,6]","""age"":{""from"":26,""to"":35}","marital_status: [2,3] ",Gay,Asian,Milf,Affair,General
"""sexual_orientation"":""homo""","""gender"":''male''","""race"":[2]","""build"":[4,6]","""age"":{""from"":36,""to"":55}","marital_status: [2,3] ",Gay,Asian,Mature,Affair,General
"""sexual_orientation"":""homo""","""gender"":''male''","""race"":[2]","""build"":[4,6]","""age"":{""from"":56,""to"":75}","marital_status: [2,3] ",Gay,Asian,Granny,Affair,General
"""sexual_orientation"":""homo""","""gender"":''male''","""race"":[2]","""build"":[4,6]","""age"":{""from"":18,""to"":25}","marital_status: [2,3] ",Gay,Asian,BBW,Affair,General
"""sexual_orientation"":""homo""","""gender"":''male''","""race"":[2]","""build"":[4,6]",skip,"marital_status: [2,3] ",Gay,Asian,BBW,Affair,General
"""sexual_orientation"":""homo""","""gender"":''male''","""race"":[2]","""build"":[2]","""age"":{""from"":26,""to"":35}","marital_status: [2,3] ",Gay,Asian,Milf,Affair,General
"""sexual_orientation"":""homo""","""gender"":''male''","""race"":[2]","""build"":[2]","""age"":{""from"":36,""to"":55}","marital_status: [2,3] ",Gay,Asian,Mature,Affair,General
"""sexual_orientation"":""homo""","""gender"":''male''","""race"":[2]","""build"":[2]","""age"":{""from"":56,""to"":75}","marital_status: [2,3] ",Gay,Asian,Granny,Affair,General
"""sexual_orientation"":""homo""","""gender"":''male''","""race"":[2]","""build"":[2]","""age"":{""from"":18,""to"":25}","marital_status: [2,3] ",Gay,Asian,Affair,General,
"""sexual_orientation"":""homo""","""gender"":''male''","""race"":[2]","""build"":[2]",skip,"marital_status: [2,3] ",Gay,Asian,Affair,General,
"""sexual_orientation"":""homo""","""gender"":''male''","""race"":[2]","""build"":[3]","""age"":{""from"":26,""to"":35}","marital_status: [2,3] ",Gay,Asian,Milf,Affair,General
"""sexual_orientation"":""homo""","""gender"":''male''","""race"":[2]","""build"":[3]","""age"":{""from"":36,""to"":55}","marital_status: [2,3] ",Gay,Asian,Mature,Affair,General
"""sexual_orientation"":""homo""","""gender"":''male''","""race"":[2]","""build"":[3]","""age"":{""from"":56,""to"":75}","marital_status: [2,3] ",Gay,Asian,Granny,Affair,General
"""sexual_orientation"":""homo""","""gender"":''male''","""race"":[2]","""build"":[3]","""age"":{""from"":18,""to"":25}","marital_status: [2,3] ",Gay,Asian,Affair,General,
"""sexual_orientation"":""homo""","""gender"":''male''","""race"":[2]","""build"":[3]",skip,"marital_status: [2,3] ",Gay,Asian,Affair,General,
"""sexual_orientation"":""homo""","""gender"":''male''","""race"":[2]",skip,"""age"":{""from"":26,""to"":35}","marital_status: [2,3] ",Gay,Asian,Milf,Affair,General
"""sexual_orientation"":""homo""","""gender"":''male''","""race"":[2]",skip,"""age"":{""from"":36,""to"":55}","marital_status: [2,3] ",Gay,Asian,Mature,Affair,General
"""sexual_orientation"":""homo""","""gender"":''male''","""race"":[2]",skip,"""age"":{""from"":56,""to"":75}","marital_status: [2,3] ",Gay,Asian,Granny,Affair,General
"""sexual_orientation"":""homo""","""gender"":''male''","""race"":[2]",skip,"""age"":{""from"":18,""to"":25}","marital_status: [2,3] ",Gay,Asian,Affair,General,
